Timestamp,DurationMicros
2024-07-26T09:45:23.769478Z,3366,0,0,0
2024-07-26T09:45:24.814660Z,1227,0,0,0
2024-07-26T09:45:25.844314Z,1215,0,0,0
2024-07-26T09:45:26.875811Z,1229,0,0,0
2024-07-26T09:45:27.903486Z,1203,0,0,0
2024-07-26T09:45:28.928550Z,1085,0,0,0
2024-07-26T09:45:29.950218Z,1149,0,0,0
2024-07-26T09:45:30.972763Z,1097,0,0,0
2024-07-26T09:45:31.995339Z,1039,0,0,0
2024-07-26T09:45:33.050053Z,1060,0,0,0
2024-07-26T09:45:34.073027Z,1041,0,0,0
2024-07-26T09:45:35.097488Z,1047,0,0,0
2024-07-26T09:45:36.118810Z,1038,0,0,0
2024-07-26T09:45:37.141444Z,1020,0,0,0
2024-07-26T09:45:38.165884Z,1134,0,0,0
2024-07-26T09:45:39.184508Z,1101,0,0,0
2024-07-26T09:45:40.204425Z,1186,0,0,0
2024-07-26T09:45:41.237129Z,1000,0,0,0
2024-07-26T09:45:42.256234Z,1034,0,0,0
2024-07-26T09:45:43.275957Z,1005,0,0,0
2024-07-26T09:45:44.289270Z,987,0,0,0
2024-07-26T09:45:45.309140Z,1017,0,0,0
2024-07-26T09:45:46.324275Z,2685,0,0,0
2024-07-26T09:45:47.365383Z,992,0,0,0
2024-07-26T09:45:48.402272Z,996,0,0,0
2024-07-26T09:45:49.420641Z,1073,0,0,0
2024-07-26T09:45:50.436218Z,983,0,0,0
2024-07-26T09:45:51.482409Z,32139,0,0,0
2024-07-26T09:45:52.500526Z,997,0,0,0
2024-07-26T09:45:53.516119Z,984,0,0,0
2024-07-26T09:45:54.535863Z,1080,0,0,0
2024-07-26T09:45:55.552576Z,1056,0,0,0
2024-07-26T09:45:56.569195Z,1026,0,0,0
2024-07-26T09:45:57.587983Z,1305,0,0,0
2024-07-26T09:45:58.605814Z,1009,0,0,0
2024-07-26T09:45:59.622303Z,983,0,0,0
2024-07-26T09:46:00.638513Z,1043,0,0,0
2024-07-26T09:46:01.657113Z,1558,0,0,0
2024-07-26T09:46:02.703657Z,1547,0,0,0
2024-07-26T09:46:03.723028Z,1269,0,0,0
2024-07-26T09:46:04.739125Z,1324,0,0,0
2024-07-26T09:46:05.755779Z,962,0,0,0
2024-07-26T09:46:06.770432Z,838,0,0,0
2024-07-26T09:46:07.787865Z,1118,0,0,0
2024-07-26T09:46:08.804349Z,417,0,0,0
2024-07-26T09:46:09.820573Z,416,0,0,0
2024-07-26T09:46:10.835953Z,437,0,0,0
2024-07-26T09:46:11.855248Z,2477,0,0,0
2024-07-26T09:46:12.876480Z,2335,0,0,0
2024-07-26T09:46:13.894035Z,453,0,0,0
2024-07-26T09:46:14.912134Z,426,0,0,0
2024-07-26T09:46:15.929654Z,506,0,0,0
2024-07-26T09:46:16.944750Z,405,0,0,0
2024-07-26T09:46:17.962679Z,431,0,0,0
2024-07-26T09:46:18.979078Z,471,0,0,0
2024-07-26T09:46:19.996136Z,1239,0,0,0
2024-07-26T09:46:21.012451Z,561,0,0,0
2024-07-26T09:46:22.029974Z,485,0,0,0
2024-07-26T09:46:23.045285Z,515,0,0,0
2024-07-26T09:46:24.063256Z,466,0,0,0
2024-07-26T09:46:25.080069Z,476,0,0,0
2024-07-26T09:46:26.138942Z,579,0,0,0
2024-07-26T09:46:27.153356Z,470,0,0,0
2024-07-26T09:46:28.170052Z,1096,0,0,0
2024-07-26T09:46:29.190364Z,1006,0,0,0
2024-07-26T09:46:30.205966Z,1044,0,0,0
2024-07-26T09:46:31.221009Z,1082,0,0,0
2024-07-26T09:46:32.238431Z,362,0,0,0
2024-07-26T09:46:33.252869Z,331,0,0,0
2024-07-26T09:46:34.270095Z,331,0,0,0
2024-07-26T09:46:35.286117Z,400,0,0,0
2024-07-26T09:46:36.299178Z,362,0,0,0
2024-07-26T09:46:37.313125Z,354,0,0,0
2024-07-26T09:46:38.326967Z,349,0,0,0
2024-07-26T09:46:39.344322Z,398,0,0,0
2024-07-26T09:46:40.363099Z,319,0,0,0
2024-07-26T09:46:41.378066Z,360,0,0,0
2024-07-26T09:46:42.395304Z,323,0,0,0
2024-07-26T09:46:43.410329Z,480,0,0,0
2024-07-26T09:46:44.428426Z,930,1,0,0
2024-07-26T09:46:45.445536Z,363,2,0,0
2024-07-26T09:46:46.461282Z,374,3,0,0
2024-07-26T09:46:47.480212Z,308,4,0,0
2024-07-26T09:46:48.495193Z,553,5,0,0
2024-07-26T09:46:49.513791Z,274,6,0,0
2024-07-26T09:46:50.531486Z,314,7,0,0
2024-07-26T09:46:51.546198Z,294,8,0,0
2024-07-26T09:46:52.562261Z,490,9,0,0
2024-07-26T09:46:53.580933Z,374,10,0,0
2024-07-26T09:46:54.596011Z,264,11,0,0
2024-07-26T09:46:55.612147Z,260,12,0,0
2024-07-26T09:46:56.625399Z,388,13,0,0
2024-07-26T09:46:57.641293Z,270,14,0,0
2024-07-26T09:46:58.655237Z,268,15,0,0
2024-07-26T09:46:59.668953Z,256,16,0,0
2024-07-26T09:47:00.686549Z,275,17,0,0
2024-07-26T09:47:01.702317Z,342,18,0,0
2024-07-26T09:47:02.720239Z,289,19,0,0
2024-07-26T09:47:03.739773Z,263,20,0,0
2024-07-26T09:47:04.755287Z,1066,21,0,0
2024-07-26T09:47:05.767233Z,297,22,0,0
2024-07-26T09:47:06.781296Z,283,23,0,0
2024-07-26T09:47:07.798257Z,259,24,0,0
2024-07-26T09:47:08.825902Z,265,25,0,0
2024-07-26T09:47:09.862425Z,951,26,0,0
2024-07-26T09:47:10.880264Z,1008,27,0,0
2024-07-26T09:47:11.896273Z,222,28,0,0
2024-07-26T09:47:12.914557Z,168,29,0,0
2024-07-26T09:47:13.929202Z,921,30,0,0
2024-07-26T09:47:14.947228Z,162,31,0,0
2024-07-26T09:47:15.965375Z,175,32,0,0
2024-07-26T09:47:16.979934Z,350,33,0,0
2024-07-26T09:47:17.995034Z,188,34,0,0
2024-07-26T09:47:19.034807Z,12722,35,0,0
2024-07-26T09:47:20.054443Z,1086,36,0,0
2024-07-26T09:47:21.067065Z,171,37,0,0
2024-07-26T09:47:22.080521Z,285,38,0,0
2024-07-26T09:47:23.099232Z,832,39,0,0
2024-07-26T09:47:24.114212Z,165,40,0,0
2024-07-26T09:47:25.130389Z,163,41,0,0
2024-07-26T09:47:26.143197Z,179,42,0,0
2024-07-26T09:47:27.159281Z,914,43,0,0
2024-07-26T09:47:28.171374Z,165,44,0,0
2024-07-26T09:47:29.218049Z,6501,45,0,0
2024-07-26T09:47:30.234323Z,166,46,0,0
2024-07-26T09:47:31.249096Z,170,47,0,0
2024-07-26T09:47:32.263381Z,207,48,0,0
2024-07-26T09:47:33.280630Z,174,49,0,0
2024-07-26T09:47:34.295508Z,167,50,0,0
2024-07-26T09:47:35.312074Z,164,51,0,0
2024-07-26T09:47:36.326060Z,202,52,0,0
2024-07-26T09:47:37.349279Z,820,53,0,0
2024-07-26T09:47:38.365426Z,169,54,0,0
2024-07-26T09:47:39.381341Z,167,55,0,0
2024-07-26T09:47:40.396303Z,159,56,0,0
2024-07-26T09:47:41.411922Z,181,57,0,0
2024-07-26T09:47:42.424187Z,166,58,0,0
2024-07-26T09:47:43.438664Z,171,59,0,0
2024-07-26T09:47:44.452137Z,168,60,0,0
2024-07-26T09:47:45.470269Z,165,61,0,0
2024-07-26T09:47:46.485391Z,171,62,0,0
2024-07-26T09:47:47.501738Z,228,63,0,0
2024-07-26T09:47:48.518426Z,164,64,0,0
2024-07-26T09:47:49.533160Z,164,65,0,0
2024-07-26T09:47:50.549641Z,162,66,0,0
2024-07-26T09:47:51.563608Z,995,67,0,0
2024-07-26T09:47:52.582317Z,189,68,0,0
2024-07-26T09:47:53.601535Z,166,69,0,0
2024-07-26T09:47:54.618034Z,166,70,0,0
2024-07-26T09:47:55.629227Z,174,71,0,0
2024-07-26T09:47:56.643937Z,159,72,0,0
2024-07-26T09:47:57.655247Z,168,73,0,0
2024-07-26T09:47:58.683778Z,226,74,0,0
2024-07-26T09:47:59.712412Z,161,75,0,0
2024-07-26T09:48:00.728521Z,195,76,0,0
2024-07-26T09:48:01.743461Z,173,77,0,0
2024-07-26T09:48:02.759415Z,167,78,0,0
2024-07-26T09:48:03.796078Z,165,79,0,0
2024-07-26T09:48:04.809654Z,163,80,0,0
2024-07-26T09:48:05.824582Z,175,81,0,0
2024-07-26T09:48:06.840249Z,161,82,0,0
2024-07-26T09:48:07.855595Z,159,83,0,0
2024-07-26T09:48:08.870629Z,159,84,0,0
2024-07-26T09:48:09.888895Z,1148,85,0,0
2024-07-26T09:48:10.903643Z,160,86,0,0
2024-07-26T09:48:11.920845Z,163,87,0,0
2024-07-26T09:48:12.938708Z,158,88,0,0
2024-07-26T09:48:13.952789Z,166,89,0,0
2024-07-26T09:48:14.969220Z,1426,90,0,0
2024-07-26T09:48:15.986883Z,159,91,0,0
2024-07-26T09:48:16.999425Z,168,92,0,0
2024-07-26T09:48:18.014687Z,178,93,0,0
2024-07-26T09:48:19.028345Z,162,94,0,0
2024-07-26T09:48:20.041571Z,181,95,0,0
2024-07-26T09:48:21.057872Z,184,96,0,0
2024-07-26T09:48:22.070758Z,158,97,0,0
2024-07-26T09:48:23.086934Z,173,98,0,0
2024-07-26T09:48:24.099454Z,171,99,0,0
2024-07-26T09:48:25.113775Z,159,100,0,0
2024-07-26T09:48:26.131395Z,160,101,0,0
2024-07-26T09:48:27.142578Z,181,102,0,0
2024-07-26T09:48:28.156784Z,169,103,0,0
2024-07-26T09:48:29.170694Z,164,104,0,0
2024-07-26T09:48:30.186983Z,164,105,0,0
2024-07-26T09:48:31.202526Z,161,106,0,0
2024-07-26T09:48:32.215766Z,164,107,0,0
2024-07-26T09:48:33.229508Z,163,108,0,0
2024-07-26T09:48:34.245276Z,273,109,0,0
2024-07-26T09:48:35.283620Z,164,110,0,0
2024-07-26T09:48:36.300941Z,1020,111,0,0
2024-07-26T09:48:37.317683Z,164,112,0,0
2024-07-26T09:48:38.332443Z,167,113,0,0
2024-07-26T09:48:39.369439Z,158,114,0,0
2024-07-26T09:48:40.385954Z,158,115,0,0
2024-07-26T09:48:41.399415Z,164,116,0,0
2024-07-26T09:48:42.413802Z,159,117,0,0
2024-07-26T09:48:43.431279Z,188,118,0,0
2024-07-26T09:48:44.448103Z,167,119,0,0
2024-07-26T09:48:45.461615Z,163,120,0,0
2024-07-26T09:48:46.472802Z,166,121,0,0
2024-07-26T09:48:47.488947Z,168,122,0,0
2024-07-26T09:48:48.503970Z,161,123,0,0
2024-07-26T09:48:49.515818Z,160,124,0,0
2024-07-26T09:48:50.532115Z,158,125,0,0
2024-07-26T09:48:51.544757Z,156,126,0,0
2024-07-26T09:48:52.555505Z,162,127,0,0
2024-07-26T09:48:53.568090Z,155,128,0,0
2024-07-26T09:48:54.583546Z,159,129,0,0
2024-07-26T09:48:55.599606Z,160,130,0,0
2024-07-26T09:48:56.616175Z,1034,131,0,0
2024-07-26T09:48:57.628733Z,158,132,0,0
2024-07-26T09:48:58.645118Z,156,133,0,0
2024-07-26T09:48:59.658568Z,156,134,0,0
2024-07-26T09:49:00.674048Z,194,135,0,0
2024-07-26T09:49:01.688877Z,161,136,0,0
2024-07-26T09:49:02.705114Z,162,137,0,0
2024-07-26T09:49:03.720140Z,162,138,0,0
2024-07-26T09:49:04.735914Z,166,139,0,0
2024-07-26T09:49:05.751915Z,163,140,0,0
2024-07-26T09:49:06.767604Z,155,141,0,0
2024-07-26T09:49:07.783117Z,162,142,0,0
2024-07-26T09:49:08.798936Z,169,143,0,0
2024-07-26T09:49:09.811282Z,164,144,0,0
2024-07-26T09:49:10.825649Z,166,145,0,0
2024-07-26T09:49:11.840061Z,166,146,0,0
2024-07-26T09:49:12.852034Z,168,147,0,0
2024-07-26T09:49:13.869084Z,171,148,0,0
2024-07-26T09:49:14.882234Z,167,149,0,0
2024-07-26T09:49:15.893875Z,183,150,0,0
2024-07-26T09:49:16.910350Z,193,151,0,0
2024-07-26T09:49:17.921912Z,179,152,0,0
2024-07-26T09:49:18.939302Z,161,153,0,0
2024-07-26T09:49:19.958768Z,223,154,0,0
2024-07-26T09:49:20.972209Z,164,155,0,0
2024-07-26T09:49:21.988032Z,167,156,0,0
2024-07-26T09:49:23.004946Z,167,157,0,0
2024-07-26T09:49:24.016381Z,161,158,0,0
2024-07-26T09:49:25.030701Z,171,159,0,0
2024-07-26T09:49:26.044221Z,161,160,0,0
2024-07-26T09:49:27.058426Z,156,161,0,0
2024-07-26T09:49:28.075369Z,186,162,0,0
2024-07-26T09:49:29.091125Z,187,163,0,0
2024-07-26T09:49:30.107135Z,162,164,0,0
2024-07-26T09:49:31.119515Z,175,165,0,0
2024-07-26T09:49:32.136338Z,211,166,0,0
2024-07-26T09:49:33.150238Z,168,167,0,0
2024-07-26T09:49:34.168544Z,198,168,0,0
2024-07-26T09:49:35.182223Z,192,169,0,0
2024-07-26T09:49:36.196126Z,167,170,0,0
2024-07-26T09:49:37.209212Z,272,171,0,0
2024-07-26T09:49:38.224595Z,153,172,0,0
2024-07-26T09:49:39.242391Z,724,173,0,0
2024-07-26T09:49:40.258394Z,164,174,0,0
2024-07-26T09:49:41.293380Z,155,175,0,0
2024-07-26T09:49:42.306429Z,202,176,0,0
2024-07-26T09:49:43.320462Z,150,177,0,0
2024-07-26T09:49:44.332773Z,299,178,0,0
2024-07-26T09:49:45.346631Z,154,179,0,0
2024-07-26T09:49:46.364042Z,163,180,0,0
2024-07-26T09:49:47.379168Z,153,181,0,0
2024-07-26T09:49:48.393896Z,158,182,0,0
2024-07-26T09:49:49.410273Z,190,183,0,0
2024-07-26T09:49:50.425401Z,158,184,0,0
2024-07-26T09:49:51.439535Z,155,185,0,0
2024-07-26T09:49:52.454683Z,256,186,0,0
2024-07-26T09:49:53.470361Z,157,187,0,0
2024-07-26T09:49:54.483159Z,389,188,0,0
2024-07-26T09:49:55.496451Z,156,189,0,0
2024-07-26T09:49:56.511710Z,227,190,0,0
2024-07-26T09:49:57.527012Z,156,191,0,0
2024-07-26T09:49:58.540267Z,150,192,0,0
2024-07-26T09:49:59.555182Z,215,193,0,0
2024-07-26T09:50:00.566731Z,216,194,0,0
2024-07-26T09:50:01.582598Z,176,195,0,0
2024-07-26T09:50:02.594957Z,153,196,0,0
2024-07-26T09:50:03.607494Z,159,197,0,0
2024-07-26T09:50:04.622170Z,181,198,0,0
2024-07-26T09:50:05.637435Z,154,199,0,0
2024-07-26T09:50:06.652125Z,164,200,0,0
2024-07-26T09:50:07.668847Z,151,201,0,0
2024-07-26T09:50:08.680657Z,154,202,0,0
2024-07-26T09:50:09.692208Z,152,203,0,0
2024-07-26T09:50:10.706657Z,916,204,0,0
2024-07-26T09:50:11.717786Z,154,205,0,0
2024-07-26T09:50:12.732455Z,279,206,0,0
2024-07-26T09:50:13.745238Z,173,207,0,0
2024-07-26T09:50:14.760347Z,155,208,0,0
2024-07-26T09:50:15.772370Z,157,209,0,0
2024-07-26T09:50:16.814885Z,159,210,0,0
2024-07-26T09:50:17.830140Z,155,211,0,0
2024-07-26T09:50:18.842116Z,156,212,0,0
2024-07-26T09:50:19.859239Z,263,213,0,0
2024-07-26T09:50:20.872660Z,159,214,0,0
2024-07-26T09:50:21.888459Z,223,215,0,0
2024-07-26T09:50:22.898628Z,158,216,0,0
2024-07-26T09:50:23.912650Z,154,217,0,0
2024-07-26T09:50:24.928945Z,162,218,0,0
2024-07-26T09:50:25.944158Z,157,219,0,0
2024-07-26T09:50:26.960035Z,148,220,0,0
2024-07-26T09:50:27.971533Z,149,221,0,0
2024-07-26T09:50:28.984435Z,150,222,0,0
2024-07-26T09:50:30.002153Z,154,223,0,0
2024-07-26T09:50:31.016178Z,157,224,0,0
2024-07-26T09:50:32.029136Z,150,225,0,0
2024-07-26T09:50:33.045293Z,159,226,0,0
2024-07-26T09:50:34.062718Z,152,227,0,0
2024-07-26T09:50:35.075646Z,173,228,0,0
2024-07-26T09:50:36.087174Z,149,229,0,0
2024-07-26T09:50:37.102147Z,148,230,0,0
2024-07-26T09:50:38.117589Z,152,231,0,0
2024-07-26T09:50:39.133194Z,156,232,0,0
2024-07-26T09:50:40.144644Z,148,233,0,0
2024-07-26T09:50:41.157360Z,154,234,0,0
2024-07-26T09:50:42.168703Z,152,235,0,0
2024-07-26T09:50:43.181411Z,151,236,0,0
2024-07-26T09:50:44.194322Z,150,237,0,0
2024-07-26T09:50:45.210183Z,158,238,0,0
2024-07-26T09:50:46.225309Z,148,239,0,0
2024-07-26T09:50:47.239579Z,184,240,0,0
2024-07-26T09:50:48.255205Z,178,241,0,0
2024-07-26T09:50:49.270359Z,1018,242,0,0
2024-07-26T09:50:50.286400Z,184,243,0,0
2024-07-26T09:50:51.326348Z,642,244,0,0
2024-07-26T09:50:52.374351Z,711,245,0,0
2024-07-26T09:50:53.386861Z,149,246,0,0
2024-07-26T09:50:54.401998Z,150,247,0,0
2024-07-26T09:50:55.415554Z,152,248,0,0
2024-07-26T09:50:56.430707Z,241,249,0,0
2024-07-26T09:50:57.445555Z,153,250,0,0
2024-07-26T09:50:58.461886Z,153,251,0,0
2024-07-26T09:50:59.477588Z,155,252,0,0
2024-07-26T09:51:00.495639Z,156,253,0,0
2024-07-26T09:51:01.509436Z,159,254,0,0
2024-07-26T09:51:02.524572Z,149,255,0,0
2024-07-26T09:51:03.538536Z,150,256,0,0
2024-07-26T09:51:04.550559Z,152,257,0,0
2024-07-26T09:51:05.568974Z,174,258,0,0
2024-07-26T09:51:06.585728Z,152,259,0,0
2024-07-26T09:51:07.597542Z,147,260,0,0
2024-07-26T09:51:08.611820Z,151,261,0,0
2024-07-26T09:51:09.623669Z,154,262,0,0
2024-07-26T09:51:10.641497Z,155,263,0,0
2024-07-26T09:51:11.655566Z,151,264,0,0
2024-07-26T09:51:12.671731Z,151,265,0,0
2024-07-26T09:51:13.684368Z,155,266,0,0
2024-07-26T09:51:14.700610Z,148,267,0,0
2024-07-26T09:51:15.717978Z,159,268,0,0
2024-07-26T09:51:16.734893Z,151,269,0,0
2024-07-26T09:51:17.750782Z,147,270,0,0
2024-07-26T09:51:18.762700Z,149,271,0,0
2024-07-26T09:51:19.777622Z,155,272,0,0
2024-07-26T09:51:20.795855Z,184,273,0,0
2024-07-26T09:51:21.809767Z,154,274,0,0
2024-07-26T09:51:22.850118Z,249,275,0,0
2024-07-26T09:51:23.865194Z,153,276,0,0
2024-07-26T09:51:24.880705Z,154,277,0,0
2024-07-26T09:51:25.895627Z,832,278,0,0
2024-07-26T09:51:26.909423Z,157,279,0,0
2024-07-26T09:51:27.921388Z,159,280,0,0
2024-07-26T09:51:28.934497Z,152,281,0,0
2024-07-26T09:51:29.947688Z,157,282,0,0
2024-07-26T09:51:30.959581Z,151,283,0,0
2024-07-26T09:51:31.974517Z,160,284,0,0
2024-07-26T09:51:32.989719Z,908,285,0,0
2024-07-26T09:51:34.006889Z,154,286,0,0
2024-07-26T09:51:35.025001Z,153,287,0,0
2024-07-26T09:51:36.039067Z,205,288,0,0
2024-07-26T09:51:37.051405Z,154,289,0,0
2024-07-26T09:51:38.064876Z,161,290,0,0
2024-07-26T09:51:39.081463Z,153,291,0,0
2024-07-26T09:51:40.095926Z,264,292,0,0
2024-07-26T09:51:41.110940Z,156,293,0,0
2024-07-26T09:51:42.124279Z,158,294,0,0
2024-07-26T09:51:43.137736Z,166,295,0,0
2024-07-26T09:51:44.152436Z,305,296,0,0
2024-07-26T09:51:45.165642Z,182,297,0,0
2024-07-26T09:51:46.180280Z,159,298,0,0
2024-07-26T09:51:47.195031Z,1074,299,0,0
2024-07-26T09:51:48.211767Z,157,300,0,0
2024-07-26T09:51:49.225914Z,147,301,0,0
2024-07-26T09:51:50.334006Z,160,302,0,0
2024-07-26T09:51:51.351870Z,187,303,0,0
2024-07-26T09:51:52.364567Z,150,304,0,0
2024-07-26T09:51:53.380739Z,150,305,0,0
2024-07-26T09:51:54.393699Z,152,306,0,0
2024-07-26T09:51:55.408729Z,155,307,0,0
2024-07-26T09:51:56.422498Z,287,308,0,0
2024-07-26T09:51:57.438396Z,149,309,0,0
2024-07-26T09:51:58.456890Z,886,310,0,0
2024-07-26T09:51:59.500317Z,150,311,0,0
2024-07-26T09:52:00.514016Z,146,312,0,0
2024-07-26T09:52:01.548220Z,154,313,0,0
2024-07-26T09:52:02.563335Z,149,314,0,0
2024-07-26T09:52:03.577912Z,149,315,0,0
2024-07-26T09:52:04.593920Z,148,316,0,0
2024-07-26T09:52:05.609735Z,147,317,0,0
2024-07-26T09:52:06.624742Z,180,318,0,0
2024-07-26T09:52:07.639679Z,149,319,0,0
2024-07-26T09:52:08.655396Z,152,320,0,0
2024-07-26T09:52:09.668663Z,153,321,0,0
2024-07-26T09:52:10.681848Z,152,322,0,0
2024-07-26T09:52:11.698903Z,151,323,0,0
2024-07-26T09:52:12.712083Z,148,324,0,0
2024-07-26T09:52:13.729104Z,971,325,0,0
2024-07-26T09:52:14.743906Z,151,326,0,0
2024-07-26T09:52:15.757971Z,146,327,0,0
2024-07-26T09:52:16.771640Z,160,328,0,0
2024-07-26T09:52:17.785089Z,976,329,0,0
2024-07-26T09:52:18.799699Z,156,330,0,0
2024-07-26T09:52:19.813964Z,153,331,0,0
2024-07-26T09:52:20.831307Z,150,332,0,0
2024-07-26T09:52:21.848141Z,186,333,0,0
2024-07-26T09:52:22.861271Z,147,334,0,0
2024-07-26T09:52:23.876963Z,146,335,0,0
2024-07-26T09:52:24.890865Z,145,336,0,0
2024-07-26T09:52:25.908933Z,154,337,0,0
2024-07-26T09:52:26.925087Z,152,338,0,0
2024-07-26T09:52:27.941078Z,142,339,0,0
2024-07-26T09:52:28.959246Z,146,340,0,0
2024-07-26T09:52:29.975380Z,147,341,0,0
2024-07-26T09:52:30.989024Z,144,342,0,0
2024-07-26T09:52:32.001833Z,146,343,0,0
2024-07-26T09:52:33.014346Z,172,344,0,0
2024-07-26T09:52:34.030795Z,144,345,0,0
2024-07-26T09:52:35.047142Z,143,346,0,0
2024-07-26T09:52:36.065096Z,146,347,0,0
2024-07-26T09:52:37.078401Z,261,348,0,0
2024-07-26T09:52:38.094243Z,149,349,0,0
2024-07-26T09:52:39.136811Z,244,350,0,0
2024-07-26T09:52:40.149151Z,279,351,0,0
2024-07-26T09:52:41.162576Z,399,352,0,0
2024-07-26T09:52:42.181032Z,145,353,0,0
2024-07-26T09:52:43.196957Z,203,354,0,0
2024-07-26T09:52:44.213421Z,146,355,0,0
2024-07-26T09:52:45.230308Z,143,356,0,0
2024-07-26T09:52:46.243622Z,153,357,0,0
2024-07-26T09:52:47.258185Z,143,358,0,0
2024-07-26T09:52:48.273956Z,158,359,0,0
2024-07-26T09:52:49.324077Z,239,360,0,0
2024-07-26T09:52:50.342100Z,145,361,0,0
2024-07-26T09:52:51.354315Z,185,362,0,0
2024-07-26T09:52:52.372446Z,194,363,0,0
2024-07-26T09:52:53.386023Z,172,364,0,0
2024-07-26T09:52:54.406252Z,178,365,0,0
2024-07-26T09:52:55.420300Z,177,366,0,0
2024-07-26T09:52:56.432801Z,176,367,0,0
2024-07-26T09:52:57.444115Z,176,368,0,0
2024-07-26T09:52:58.489155Z,170,369,0,0
2024-07-26T09:52:59.503340Z,173,370,0,0
2024-07-26T09:53:00.517474Z,170,371,0,0
2024-07-26T09:53:01.530848Z,169,372,0,0
2024-07-26T09:53:02.544493Z,168,373,0,0
2024-07-26T09:53:03.561154Z,231,374,0,0
2024-07-26T09:53:04.571813Z,173,375,0,0
2024-07-26T09:53:05.586357Z,167,376,0,0
2024-07-26T09:53:06.601548Z,196,377,0,0
2024-07-26T09:53:07.617831Z,197,378,0,0
2024-07-26T09:53:08.631613Z,169,379,0,0
2024-07-26T09:53:09.643981Z,167,380,0,0
2024-07-26T09:53:10.660197Z,170,381,0,0
2024-07-26T09:53:11.674614Z,1023,382,0,0
2024-07-26T09:53:12.687716Z,171,383,0,0
2024-07-26T09:53:13.701518Z,169,384,0,0
2024-07-26T09:53:14.717660Z,167,385,0,0
2024-07-26T09:53:15.733541Z,205,386,0,0
2024-07-26T09:53:16.749290Z,169,387,0,0
2024-07-26T09:53:17.796735Z,169,388,0,0
2024-07-26T09:53:18.811782Z,170,389,0,0
2024-07-26T09:53:19.824664Z,951,390,0,0
2024-07-26T09:53:20.836242Z,171,391,0,0
2024-07-26T09:53:21.852582Z,172,392,0,0
2024-07-26T09:53:22.866599Z,922,393,0,0
2024-07-26T09:53:23.883501Z,186,394,0,0
2024-07-26T09:53:24.897887Z,181,395,0,0
2024-07-26T09:53:25.909726Z,178,396,0,0
2024-07-26T09:53:26.922196Z,169,397,0,0
2024-07-26T09:53:27.934359Z,170,398,0,0
2024-07-26T09:53:28.948735Z,165,399,0,0
2024-07-26T09:53:29.962628Z,171,400,0,0
2024-07-26T09:53:30.975070Z,166,401,0,0
2024-07-26T09:53:31.986625Z,264,402,0,0
2024-07-26T09:53:33.004532Z,166,403,0,0
2024-07-26T09:53:34.020819Z,199,404,0,0
2024-07-26T09:53:35.032682Z,171,405,0,0
2024-07-26T09:53:36.047815Z,168,406,0,0
2024-07-26T09:53:37.060693Z,175,407,0,0
2024-07-26T09:53:38.075983Z,185,408,0,0
2024-07-26T09:53:39.088714Z,168,409,0,0
2024-07-26T09:53:40.101049Z,351,410,0,0
2024-07-26T09:53:41.119941Z,1116,411,0,0
2024-07-26T09:53:42.133682Z,166,412,0,0
2024-07-26T09:53:43.148617Z,189,413,0,0
2024-07-26T09:53:44.181680Z,172,414,0,0
2024-07-26T09:53:45.197864Z,171,415,0,0
2024-07-26T09:53:46.209554Z,165,416,0,0
2024-07-26T09:53:47.224885Z,1011,417,0,0
2024-07-26T09:53:48.238292Z,181,418,0,0
2024-07-26T09:53:49.257630Z,169,419,0,0
2024-07-26T09:53:50.273399Z,170,420,0,0
2024-07-26T09:53:51.289447Z,168,421,0,0
2024-07-26T09:53:52.300574Z,178,422,0,0
2024-07-26T09:53:53.317601Z,397,423,0,0
2024-07-26T09:53:54.331866Z,168,424,0,0
2024-07-26T09:53:55.347959Z,169,425,0,0
2024-07-26T09:53:56.361635Z,170,426,0,0
2024-07-26T09:53:57.373602Z,172,427,0,0
2024-07-26T09:53:58.388847Z,170,428,0,0
2024-07-26T09:53:59.404163Z,171,429,0,0
2024-07-26T09:54:00.418866Z,239,430,0,0
2024-07-26T09:54:01.434419Z,1161,431,0,0
2024-07-26T09:54:02.450267Z,221,432,0,0
2024-07-26T09:54:03.525785Z,180,433,0,0
2024-07-26T09:54:04.540823Z,150,434,0,0
2024-07-26T09:54:05.590728Z,148,435,0,0
2024-07-26T09:54:06.605775Z,179,436,0,0
2024-07-26T09:54:07.617242Z,148,437,0,0
2024-07-26T09:54:08.634646Z,166,438,0,0
2024-07-26T09:54:09.647592Z,150,439,0,0
2024-07-26T09:54:10.659803Z,149,440,0,0
2024-07-26T09:54:11.673524Z,146,441,0,0
2024-07-26T09:54:12.687857Z,145,442,0,0
2024-07-26T09:54:13.705888Z,147,443,0,0
2024-07-26T09:54:14.720094Z,142,444,0,0
2024-07-26T09:54:15.734448Z,150,445,0,0
2024-07-26T09:54:16.750554Z,151,446,0,0
2024-07-26T09:54:17.761689Z,144,447,0,0
2024-07-26T09:54:18.776766Z,142,448,0,0
2024-07-26T09:54:19.790689Z,215,449,0,0
2024-07-26T09:54:20.806132Z,145,450,0,0
2024-07-26T09:54:21.820196Z,147,451,0,0
2024-07-26T09:54:22.862447Z,19826,452,0,0
2024-07-26T09:54:23.877376Z,857,453,0,0
2024-07-26T09:54:24.889066Z,149,454,0,0
2024-07-26T09:54:25.901269Z,143,455,0,0
2024-07-26T09:54:26.916132Z,158,456,0,0
2024-07-26T09:54:27.931908Z,150,457,0,0
2024-07-26T09:54:28.949948Z,728,458,0,0
2024-07-26T09:54:29.965681Z,164,459,0,0
2024-07-26T09:54:30.978009Z,146,460,0,0
2024-07-26T09:54:31.994427Z,154,461,0,0
2024-07-26T09:54:33.130987Z,210,462,0,0
2024-07-26T09:54:34.148389Z,176,463,0,0
2024-07-26T09:54:35.163227Z,153,464,0,0
2024-07-26T09:54:36.177218Z,156,465,0,0
2024-07-26T09:54:37.191841Z,183,466,0,0
2024-07-26T09:54:38.205642Z,171,467,0,0
2024-07-26T09:54:39.222021Z,278,467,0,0
2024-07-26T09:54:40.239056Z,262,467,0,0
2024-07-26T09:54:41.256310Z,1015,467,0,0
2024-07-26T09:54:42.272936Z,252,467,0,0
2024-07-26T09:54:43.286011Z,211,467,0,0
2024-07-26T09:54:44.298140Z,222,467,0,0
2024-07-26T09:54:45.309438Z,203,467,0,0
2024-07-26T09:54:46.327582Z,207,467,0,0
2024-07-26T09:54:47.343389Z,211,467,0,0
2024-07-26T09:54:48.356303Z,209,467,0,0
2024-07-26T09:54:49.372313Z,204,467,0,0
2024-07-26T09:54:50.387259Z,203,467,0,0
2024-07-26T09:54:51.404162Z,213,467,0,0
2024-07-26T09:54:52.422496Z,207,467,0,0
2024-07-26T09:54:53.437189Z,191,467,0,0
2024-07-26T09:54:54.454306Z,217,467,0,0
2024-07-26T09:54:55.469970Z,363,467,0,0
2024-07-26T09:54:56.483184Z,194,467,0,0
2024-07-26T09:54:57.497445Z,186,467,0,0
2024-07-26T09:54:58.508509Z,185,467,0,0
2024-07-26T09:54:59.521311Z,185,467,0,0
2024-07-26T09:55:00.538426Z,875,467,0,0
2024-07-26T09:55:01.553209Z,187,467,0,0
2024-07-26T09:55:02.567175Z,190,467,0,0
2024-07-26T09:55:03.583434Z,882,467,0,0
2024-07-26T09:55:04.599477Z,913,467,0,0
2024-07-26T09:55:05.617767Z,377,467,0,0
2024-07-26T09:55:06.628566Z,164,467,0,0
2024-07-26T09:55:07.645398Z,164,467,0,0
2024-07-26T09:55:08.658418Z,162,467,0,0
2024-07-26T09:55:09.675172Z,201,467,0,0
2024-07-26T09:55:10.690301Z,167,467,0,0
2024-07-26T09:55:11.705Z,163,467,0,0
2024-07-26T09:55:12.717504Z,165,467,0,0
2024-07-26T09:55:13.734653Z,166,467,0,0
2024-07-26T09:55:14.751890Z,163,467,0,0
2024-07-26T09:55:15.767900Z,247,467,0,0
2024-07-26T09:55:16.785447Z,255,467,0,0
2024-07-26T09:55:17.799591Z,266,467,0,0
2024-07-26T09:55:18.815307Z,168,467,0,0
2024-07-26T09:55:19.828618Z,169,467,0,0
2024-07-26T09:55:20.843145Z,171,467,0,0
2024-07-26T09:55:21.858633Z,186,467,0,0
2024-07-26T09:55:22.876741Z,165,467,0,0
2024-07-26T09:55:23.894929Z,165,467,0,0
2024-07-26T09:55:24.912242Z,199,467,0,0
2024-07-26T09:55:25.924588Z,167,467,0,0
2024-07-26T09:55:26.938944Z,168,467,0,0
2024-07-26T09:55:27.950434Z,167,467,0,0
2024-07-26T09:55:28.964192Z,163,467,0,0
2024-07-26T09:55:30.009330Z,172,467,0,0
2024-07-26T09:55:31.025971Z,177,467,0,0
2024-07-26T09:55:32.056700Z,344,467,0,0
2024-07-26T09:55:33.072253Z,164,467,0,0
2024-07-31T08:56:33.858668Z,2253,0,0,0
2024-07-31T08:56:34.898947Z,517,0,0,0
2024-07-31T08:56:35.944890Z,2550,0,0,0
2024-07-31T08:56:36.987667Z,749,0,0,0
2024-07-31T08:56:38.022803Z,676,0,0,0
2024-07-31T08:56:39.055582Z,441,0,0,0
2024-07-31T08:56:40.097654Z,1055,0,0,0
2024-07-31T08:56:41.140554Z,1089,0,0,0
2024-07-31T08:56:42.173842Z,406,0,0,0
2024-07-31T08:56:43.218071Z,612,0,0,0
2024-07-31T08:56:44.259521Z,563,0,0,0
2024-07-31T08:56:45.293869Z,520,0,0,0
2024-07-31T08:56:46.328720Z,437,0,0,0
2024-07-31T08:56:47.375363Z,736,0,0,0
2024-07-31T08:56:48.412883Z,795,0,0,0
2024-07-31T08:56:49.453431Z,656,0,0,0
2024-07-31T08:56:50.500264Z,993,0,0,0
2024-07-31T08:56:51.546569Z,2846,0,0,0
2024-07-31T08:56:52.590507Z,778,0,0,0
2024-07-31T08:56:53.638440Z,2552,0,0,0
2024-07-31T08:56:54.671196Z,434,0,0,0
2024-07-31T08:56:55.705937Z,453,0,0,0
2024-07-31T08:56:56.747141Z,610,0,0,0
2024-07-31T08:56:57.789539Z,654,0,0,0
2024-07-31T08:56:58.821796Z,457,0,0,0
2024-07-31T08:56:59.857084Z,682,0,0,0
2024-07-31T08:57:00.899928Z,1015,0,0,0
2024-07-31T08:57:01.934046Z,509,0,0,0
2024-07-31T08:57:02.968898Z,442,0,0,0
2024-07-31T08:57:04.014775Z,608,0,0,0
2024-07-31T08:57:05.060899Z,675,0,0,0
2024-07-31T08:57:06.094926Z,405,0,0,0
2024-07-31T08:57:07.135592Z,728,0,0,0
2024-07-31T08:57:08.173431Z,976,0,0,0
2024-07-31T08:57:09.204195Z,422,0,0,0
2024-07-31T08:57:10.239960Z,465,0,0,0
2024-07-31T08:57:11.281363Z,774,0,0,0
2024-07-31T08:57:12.327024Z,965,0,0,0
2024-07-31T08:57:13.362856Z,504,0,0,0
2024-07-31T08:57:14.408830Z,693,0,0,0
2024-07-31T08:57:15.454567Z,691,0,0,0
2024-07-31T08:57:16.487350Z,413,0,0,0
2024-07-31T08:57:17.532299Z,646,0,0,0
2024-07-31T08:57:18.576447Z,314,0,0,0
2024-07-31T08:57:19.610138Z,184,0,0,0
2024-07-31T08:57:20.652104Z,796,0,0,0
2024-07-31T08:57:21.694484Z,268,0,0,0
2024-07-31T08:57:22.737267Z,522,0,0,0
2024-07-31T08:57:23.776844Z,294,0,0,0
2024-07-31T08:57:24.809380Z,153,0,0,0
2024-07-31T08:57:25.852578Z,308,0,0,0
2024-07-31T08:57:26.891053Z,692,0,0,0
2024-07-31T08:57:27.924059Z,334,0,0,0
2024-07-31T08:57:28.955996Z,330,0,0,0
2024-07-31T08:57:30.001018Z,332,0,0,0
2024-07-31T08:57:31.042834Z,599,0,0,0
2024-07-31T08:57:32.079998Z,431,0,0,0
2024-07-31T08:57:33.125287Z,607,0,0,0
2024-07-31T08:57:34.167330Z,288,0,0,0
2024-07-31T08:57:35.200491Z,433,0,0,0
2024-07-31T08:57:36.242034Z,583,0,0,0
2024-07-31T08:57:37.283387Z,917,0,0,0
2024-07-31T08:57:38.318002Z,230,0,0,0
2024-07-31T08:57:39.354112Z,147,0,0,0
2024-07-31T08:57:40.395506Z,612,0,0,0
2024-07-31T08:57:41.438694Z,625,0,0,0
2024-07-31T08:57:42.473491Z,414,0,0,0
2024-07-31T08:57:43.514583Z,236,0,0,0
2024-07-31T08:57:44.550830Z,528,0,0,0
2024-07-31T08:57:45.581479Z,110,0,0,0
2024-07-31T08:57:46.615457Z,426,0,0,0
2024-07-31T08:57:47.659186Z,198,0,0,0
2024-07-31T08:57:48.698503Z,558,0,0,0
2024-07-31T08:57:49.738715Z,2247,0,0,0
2024-07-31T08:57:50.779304Z,169,0,0,0
2024-07-31T08:57:51.827113Z,186,0,0,0
2024-07-31T08:57:52.873345Z,154,0,0,0
2024-07-31T08:57:53.911683Z,137,0,0,0
2024-07-31T08:57:54.947304Z,272,0,0,0
2024-07-31T08:57:55.988504Z,781,1,0,0
2024-07-31T08:57:57.031059Z,562,2,0,0
2024-07-31T08:57:58.067504Z,191,3,0,0
2024-07-31T08:57:59.102063Z,494,4,0,0
2024-07-31T08:58:00.146646Z,311,5,0,0
2024-07-31T08:58:01.187888Z,117,6,0,0
2024-07-31T08:58:02.224341Z,144,7,0,0
2024-07-31T08:58:03.258716Z,133,8,0,0
2024-07-31T08:58:04.302934Z,378,9,0,0
2024-07-31T08:58:05.336109Z,463,10,0,0
2024-07-31T08:58:06.368084Z,102,11,0,0
2024-07-31T08:58:07.411189Z,182,12,0,0
2024-07-31T08:58:08.457703Z,141,13,0,0
2024-07-31T08:58:09.491967Z,102,14,0,0
2024-07-31T08:58:10.539553Z,127,15,0,0
2024-07-31T08:58:11.581307Z,544,16,0,0
2024-07-31T08:58:12.605553Z,445,17,0,0
2024-07-31T08:58:13.643692Z,145,18,0,0
2024-07-31T08:58:14.683601Z,169,19,0,0
2024-07-31T08:58:15.717615Z,357,20,0,0
2024-07-31T08:58:16.748293Z,136,21,0,0
2024-07-31T08:58:17.803622Z,236,22,0,0
2024-07-31T08:58:18.859314Z,211,23,0,0
2024-07-31T08:58:19.905098Z,119,24,0,0
2024-07-31T08:58:20.957895Z,759,25,0,0
2024-07-31T08:58:22.009369Z,401,26,0,0
2024-07-31T08:58:23.064428Z,687,27,0,0
2024-07-31T08:58:24.108339Z,76,28,0,0
2024-07-31T08:58:25.159659Z,847,29,0,0
2024-07-31T08:58:26.215009Z,684,30,0,0
2024-07-31T08:58:27.258490Z,571,31,0,0
2024-07-31T08:58:28.310736Z,132,32,0,0
2024-07-31T08:58:29.364145Z,605,33,0,0
2024-07-31T08:58:30.408179Z,408,34,0,0
2024-07-31T08:58:31.455717Z,493,35,0,0
2024-07-31T08:58:32.509516Z,205,36,0,0
2024-07-31T08:58:33.564314Z,589,37,0,0
2024-07-31T08:58:34.593344Z,83,38,0,0
2024-07-31T08:58:35.614528Z,81,39,0,0
2024-07-31T08:58:36.668727Z,562,40,0,0
2024-07-31T08:58:37.712486Z,402,41,0,0
2024-07-31T08:58:38.761544Z,95,42,0,0
2024-07-31T08:58:39.811985Z,723,43,0,0
2024-07-31T08:58:40.858708Z,79,44,0,0
2024-07-31T08:58:41.904082Z,104,45,0,0
2024-07-31T08:58:42.949008Z,77,46,0,0
2024-07-31T08:58:43.990711Z,380,47,0,0
2024-07-31T08:58:45.037140Z,72,48,0,0
2024-07-31T08:58:46.082968Z,392,49,0,0
2024-07-31T08:58:47.127595Z,425,50,0,0
2024-07-31T08:58:48.176070Z,378,51,0,0
2024-07-31T08:58:49.229558Z,114,52,0,0
2024-07-31T08:58:50.274489Z,117,53,0,0
2024-07-31T08:58:51.334648Z,699,54,0,0
2024-07-31T08:58:52.380298Z,377,55,0,0
2024-07-31T08:58:53.433410Z,721,56,0,0
2024-07-31T08:58:54.479722Z,71,57,0,0
2024-07-31T08:58:55.524452Z,119,58,0,0
2024-07-31T08:58:56.578283Z,607,59,0,0
2024-07-31T08:58:57.626278Z,111,60,0,0
2024-07-31T08:58:58.671073Z,378,61,0,0
2024-07-31T08:58:59.725644Z,561,62,0,0
2024-07-31T08:59:00.777308Z,530,63,0,0
2024-07-31T08:59:01.823360Z,383,64,0,0
2024-07-31T08:59:02.877321Z,692,65,0,0
2024-07-31T08:59:03.934866Z,137,66,0,0
2024-07-31T08:59:04.979571Z,98,67,0,0
2024-07-31T08:59:06.024523Z,414,68,0,0
2024-07-31T08:59:07.076121Z,130,69,0,0
2024-07-31T08:59:08.124903Z,387,70,0,0
2024-07-31T08:59:09.168441Z,339,71,0,0
2024-07-31T08:59:10.222964Z,597,72,0,0
2024-07-31T08:59:11.273422Z,126,73,0,0
2024-07-31T08:59:12.318053Z,2249,74,0,0
2024-07-31T08:59:13.371858Z,113,75,0,0
2024-07-31T08:59:14.429777Z,168,76,0,0
2024-07-31T08:59:15.476958Z,70,77,0,0
2024-07-31T08:59:16.526451Z,143,78,0,0
2024-07-31T08:59:17.569155Z,109,79,0,0
2024-07-31T08:59:18.617759Z,86,80,0,0
2024-07-31T08:59:19.660689Z,69,81,0,0
2024-07-31T08:59:20.711836Z,622,82,0,0
2024-07-31T08:59:21.765797Z,614,83,0,0
2024-07-31T08:59:22.825193Z,158,84,0,0
2024-07-31T08:59:23.878928Z,116,85,0,0
2024-07-31T08:59:24.927854Z,342,86,0,0
2024-07-31T08:59:25.980754Z,106,87,0,0
2024-07-31T08:59:27.035262Z,123,88,0,0
2024-07-31T08:59:28.083090Z,480,89,0,0
2024-07-31T08:59:29.126648Z,1754,90,0,0
2024-07-31T08:59:30.170598Z,379,91,0,0
2024-07-31T08:59:31.217737Z,623,92,0,0
2024-07-31T08:59:32.267653Z,400,93,0,0
2024-07-31T08:59:33.311895Z,398,94,0,0
2024-07-31T08:59:34.358413Z,81,95,0,0
2024-07-31T08:59:35.401182Z,74,96,0,0
2024-07-31T08:59:36.453433Z,598,97,0,0
2024-07-31T08:59:37.504747Z,482,98,0,0
2024-07-31T08:59:38.549337Z,77,99,0,0
2024-07-31T08:59:39.597510Z,72,100,0,0
2024-07-31T08:59:40.646298Z,133,101,0,0
2024-07-31T08:59:41.700414Z,120,102,0,0
2024-07-31T08:59:42.747794Z,362,103,0,0
2024-07-31T08:59:43.805441Z,635,104,0,0
2024-07-31T08:59:44.858283Z,118,105,0,0
2024-07-31T08:59:45.903921Z,461,106,0,0
2024-07-31T08:59:46.953334Z,130,107,0,0
2024-07-31T08:59:48.006111Z,658,108,0,0
2024-07-31T08:59:49.051870Z,70,109,0,0
2024-07-31T08:59:50.098711Z,377,110,0,0
2024-07-31T08:59:51.153310Z,109,111,0,0
2024-07-31T08:59:52.207457Z,121,112,0,0
2024-07-31T08:59:53.260800Z,96,113,0,0
2024-07-31T08:59:54.317157Z,103,114,0,0
2024-07-31T08:59:55.362648Z,73,115,0,0
2024-07-31T08:59:56.408513Z,358,116,0,0
2024-07-31T08:59:57.465489Z,92,117,0,0
2024-07-31T08:59:58.515348Z,108,118,0,0
2024-07-31T08:59:59.563447Z,470,119,0,0
2024-07-31T09:00:00.616887Z,99,120,0,0
2024-07-31T09:00:01.671489Z,667,121,0,0
2024-07-31T09:00:02.718355Z,73,122,0,0
2024-07-31T09:00:03.770692Z,603,123,0,0
2024-07-31T09:00:04.826873Z,581,124,0,0
2024-07-31T09:00:05.873649Z,68,125,0,0
2024-07-31T09:00:06.928703Z,90,126,0,0
2024-07-31T09:00:07.975882Z,154,127,0,0
2024-07-31T09:00:09.017307Z,112,128,0,0
2024-07-31T09:00:10.061679Z,73,129,0,0
2024-07-31T09:00:11.113711Z,120,130,0,0
2024-07-31T09:00:12.168447Z,98,131,0,0
2024-07-31T09:00:13.215701Z,73,132,0,0
2024-07-31T09:00:14.266070Z,108,133,0,0
2024-07-31T09:00:15.315729Z,681,134,0,0
2024-07-31T09:00:16.362297Z,418,135,0,0
2024-07-31T09:00:17.408002Z,105,136,0,0
2024-07-31T09:00:18.461373Z,131,137,0,0
2024-07-31T09:00:19.515738Z,687,138,0,0
2024-07-31T09:00:20.554199Z,67,139,0,0
2024-07-31T09:00:21.608127Z,98,140,0,0
2024-07-31T09:00:22.663599Z,693,141,0,0
2024-07-31T09:00:23.710606Z,561,142,0,0
2024-07-31T09:00:24.758614Z,372,143,0,0
2024-07-31T09:00:25.809961Z,655,144,0,0
2024-07-31T09:00:26.864526Z,307,145,0,0
2024-07-31T09:00:27.910947Z,70,146,0,0
2024-07-31T09:00:28.958578Z,84,147,0,0
2024-07-31T09:00:30.017638Z,102,148,0,0
2024-07-31T09:00:31.066210Z,588,149,0,0
2024-07-31T09:00:32.110169Z,92,150,0,0
2024-07-31T09:00:33.157852Z,126,151,0,0
2024-07-31T09:00:34.202483Z,82,152,0,0
2024-07-31T09:00:35.245728Z,330,153,0,0
2024-07-31T09:00:36.290179Z,67,154,0,0
2024-07-31T09:00:37.337901Z,101,155,0,0
2024-07-31T09:00:38.392670Z,166,156,0,0
2024-07-31T09:00:39.439297Z,314,157,0,0
2024-07-31T09:00:40.493177Z,149,158,0,0
2024-07-31T09:00:41.544762Z,104,159,0,0
2024-07-31T09:00:42.594529Z,386,160,0,0
2024-07-31T09:00:43.641135Z,78,161,0,0
2024-07-31T09:00:44.684278Z,451,162,0,0
2024-07-31T09:00:45.732019Z,738,163,0,0
2024-07-31T09:00:46.776266Z,1440,164,0,0
2024-07-31T09:00:47.825983Z,83,165,0,0
2024-07-31T09:00:48.873655Z,85,166,0,0
2024-07-31T09:00:49.919070Z,121,167,0,0
2024-07-31T09:00:50.967346Z,128,168,0,0
2024-07-31T09:00:52.017125Z,132,169,0,0
2024-07-31T09:00:53.071923Z,733,170,0,0
2024-07-31T09:00:54.126600Z,253,171,0,0
2024-07-31T09:00:55.173951Z,79,172,0,0
2024-07-31T09:00:56.207769Z,529,173,0,0
2024-07-31T09:00:57.251426Z,107,174,0,0
2024-07-31T09:00:58.297468Z,78,175,0,0
2024-07-31T09:00:59.332474Z,590,176,0,0
2024-07-31T09:01:00.377619Z,92,177,0,0
2024-07-31T09:01:01.420103Z,87,178,0,0
2024-07-31T09:01:02.453110Z,61,179,0,0
2024-07-31T09:01:03.494765Z,84,180,0,0
2024-07-31T09:01:04.539914Z,106,181,0,0
2024-07-31T09:01:05.574072Z,397,182,0,0
2024-07-31T09:01:06.606710Z,93,183,0,0
2024-07-31T09:01:07.655201Z,138,184,0,0
2024-07-31T09:01:08.699721Z,92,185,0,0
2024-07-31T09:01:09.734350Z,61,186,0,0
2024-07-31T09:01:10.774319Z,100,187,0,0
2024-07-31T09:01:11.818768Z,1234,188,0,0
2024-07-31T09:01:12.846733Z,62,189,0,0
2024-07-31T09:01:13.878203Z,71,190,0,0
2024-07-31T09:01:14.920949Z,609,191,0,0
2024-07-31T09:01:15.962440Z,72,192,0,0
2024-07-31T09:01:16.993903Z,411,193,0,0
2024-07-31T09:01:18.038449Z,2385,194,0,0
2024-07-31T09:01:19.077576Z,82,195,0,0
2024-07-31T09:01:20.116248Z,75,196,0,0
2024-07-31T09:01:21.149312Z,368,197,0,0
2024-07-31T09:01:22.192281Z,536,198,0,0
2024-07-31T09:01:23.234461Z,637,199,0,0
2024-07-31T09:01:24.267492Z,65,200,0,0
2024-07-31T09:01:25.312137Z,100,201,0,0
2024-07-31T09:01:26.354726Z,614,202,0,0
2024-07-31T09:01:27.384846Z,77,203,0,0
2024-07-31T09:01:28.414086Z,69,204,0,0
2024-07-31T09:01:29.455955Z,635,205,0,0
2024-07-31T09:01:30.498074Z,486,206,0,0
2024-07-31T09:01:31.531783Z,70,207,0,0
2024-07-31T09:01:32.573968Z,84,208,0,0
2024-07-31T09:01:33.620851Z,2847,209,0,0
2024-07-31T09:01:34.653654Z,63,210,0,0
2024-07-31T09:01:35.694442Z,606,211,0,0
2024-07-31T09:01:36.739864Z,134,212,0,0
2024-07-31T09:01:37.772103Z,408,213,0,0
2024-07-31T09:01:38.805380Z,72,214,0,0
2024-07-31T09:01:39.842898Z,97,215,0,0
2024-07-31T09:01:40.885415Z,106,216,0,0
2024-07-31T09:01:41.919914Z,354,217,0,0
2024-07-31T09:01:42.965514Z,117,218,0,0
2024-07-31T09:01:44.011236Z,108,219,0,0
2024-07-31T09:01:45.040088Z,403,220,0,0
2024-07-31T09:01:46.077840Z,521,221,0,0
2024-07-31T09:01:47.123803Z,121,222,0,0
2024-07-31T09:01:48.165974Z,524,223,0,0
2024-07-31T09:01:49.195141Z,427,224,0,0
2024-07-31T09:01:50.241550Z,97,225,0,0
2024-07-31T09:01:51.281109Z,554,226,0,0
2024-07-31T09:01:52.319988Z,569,227,0,0
2024-07-31T09:01:53.368357Z,580,228,0,0
2024-07-31T09:01:54.411221Z,566,229,0,0
2024-07-31T09:01:55.449674Z,80,230,0,0
2024-07-31T09:01:56.484076Z,628,231,0,0
2024-07-31T09:01:57.529447Z,109,232,0,0
2024-07-31T09:01:58.564865Z,83,233,0,0
2024-07-31T09:01:59.598867Z,68,234,0,0
2024-07-31T09:02:00.628837Z,65,235,0,0
2024-07-31T09:02:01.670962Z,580,236,0,0
2024-07-31T09:02:02.706405Z,497,237,0,0
2024-07-31T09:02:03.739918Z,76,238,0,0
2024-07-31T09:02:04.777702Z,589,239,0,0
2024-07-31T09:02:05.817591Z,516,240,0,0
2024-07-31T09:02:06.851657Z,71,241,0,0
2024-07-31T09:02:07.885488Z,368,242,0,0
2024-07-31T09:02:08.925289Z,592,243,0,0
2024-07-31T09:02:09.970700Z,545,244,0,0
2024-07-31T09:02:11.005798Z,91,245,0,0
2024-07-31T09:02:12.040312Z,420,246,0,0
2024-07-31T09:02:13.080044Z,504,247,0,0
2024-07-31T09:02:14.119412Z,554,248,0,0
2024-07-31T09:02:15.153159Z,86,249,0,0
2024-07-31T09:02:16.194660Z,532,250,0,0
2024-07-31T09:02:17.235557Z,571,251,0,0
2024-07-31T09:02:18.273959Z,101,252,0,0
2024-07-31T09:02:19.312604Z,87,253,0,0
2024-07-31T09:02:20.357331Z,2029,254,0,0
2024-07-31T09:02:21.393819Z,87,255,0,0
2024-07-31T09:02:22.435101Z,86,256,0,0
2024-07-31T09:02:23.471588Z,590,257,0,0
2024-07-31T09:02:24.506818Z,463,258,0,0
2024-07-31T09:02:25.539952Z,68,259,0,0
2024-07-31T09:02:26.581868Z,93,260,0,0
2024-07-31T09:02:27.629463Z,586,261,0,0
2024-07-31T09:02:28.663820Z,340,262,0,0
2024-07-31T09:02:29.693341Z,96,263,0,0
2024-07-31T09:02:30.737696Z,1855,264,0,0
2024-07-31T09:02:31.776214Z,104,265,0,0
2024-07-31T09:02:32.807029Z,386,266,0,0
2024-07-31T09:02:33.852109Z,99,267,0,0
2024-07-31T09:02:34.889405Z,83,268,0,0
2024-07-31T09:02:35.922938Z,319,269,0,0
2024-07-31T09:02:36.962302Z,497,270,0,0
2024-07-31T09:02:38.006110Z,96,271,0,0
2024-07-31T09:02:39.040200Z,424,272,0,0
2024-07-31T09:02:40.074335Z,374,273,0,0
2024-07-31T09:02:41.115914Z,89,274,0,0
2024-07-31T09:02:42.160529Z,96,275,0,0
2024-07-31T09:02:43.194588Z,480,276,0,0
2024-07-31T09:02:44.230656Z,474,277,0,0
2024-07-31T09:02:45.265975Z,78,278,0,0
2024-07-31T09:02:46.308867Z,132,279,0,0
2024-07-31T09:02:47.341328Z,92,280,0,0
2024-07-31T09:02:48.383967Z,106,281,0,0
2024-07-31T09:02:49.428628Z,109,282,0,0
2024-07-31T09:02:50.464029Z,342,283,0,0
2024-07-31T09:02:51.508465Z,506,284,0,0
2024-07-31T09:02:52.547451Z,514,285,0,0
2024-07-31T09:02:53.593785Z,80,286,0,0
2024-07-31T09:02:54.637805Z,521,287,0,0
2024-07-31T09:02:55.679200Z,128,288,0,0
2024-07-31T09:02:56.712040Z,69,289,0,0
2024-07-31T09:02:57.752577Z,622,290,0,0
2024-07-31T09:02:58.798192Z,85,291,0,0
2024-07-31T09:02:59.834585Z,102,292,0,0
2024-07-31T09:03:00.869017Z,91,293,0,0
2024-07-31T09:03:01.915017Z,85,294,0,0
2024-07-31T09:03:02.951071Z,373,295,0,0
2024-07-31T09:03:03.985984Z,430,296,0,0
2024-07-31T09:03:05.027311Z,581,297,0,0
2024-07-31T09:03:06.069011Z,119,298,0,0
2024-07-31T09:03:07.101809Z,94,299,0,0
2024-07-31T09:03:08.142611Z,82,300,0,0
2024-07-31T09:03:09.184013Z,83,301,0,0
2024-07-31T09:03:10.219285Z,60,302,0,0
2024-07-31T09:03:11.253260Z,58,303,0,0
2024-07-31T09:03:12.295334Z,85,304,0,0
2024-07-31T09:03:13.337725Z,680,305,0,0
2024-07-31T09:03:14.371347Z,71,306,0,0
2024-07-31T09:03:15.410428Z,100,307,0,0
2024-07-31T09:03:16.455439Z,1800,308,0,0
2024-07-31T09:03:17.487764Z,474,309,0,0
2024-07-31T09:03:18.514282Z,67,310,0,0
2024-07-31T09:03:19.548845Z,584,311,0,0
2024-07-31T09:03:20.589823Z,88,312,0,0
2024-07-31T09:03:21.640010Z,399,313,0,0
2024-07-31T09:03:22.694704Z,98,314,0,0
2024-07-31T09:03:23.749965Z,126,315,0,0
2024-07-31T09:03:24.796864Z,375,316,0,0
2024-07-31T09:03:25.848994Z,553,317,0,0
2024-07-31T09:03:26.905020Z,594,318,0,0
2024-07-31T09:03:27.951178Z,80,319,0,0
2024-07-31T09:03:28.994495Z,66,320,0,0
2024-07-31T09:03:30.048980Z,628,321,0,0
2024-07-31T09:03:31.103722Z,128,322,0,0
2024-07-31T09:03:32.150278Z,407,323,0,0
2024-07-31T09:03:33.200393Z,630,324,0,0
2024-07-31T09:03:34.252585Z,576,325,0,0
2024-07-31T09:03:35.299645Z,355,326,0,0
2024-07-31T09:03:36.348454Z,91,327,0,0
2024-07-31T09:03:37.402749Z,88,328,0,0
2024-07-31T09:03:38.445725Z,460,329,0,0
2024-07-31T09:03:39.491819Z,474,330,0,0
2024-07-31T09:03:40.539673Z,105,331,0,0
2024-07-31T09:03:41.587689Z,343,332,0,0
2024-07-31T09:03:42.631636Z,68,333,0,0
2024-07-31T09:03:43.681622Z,94,334,0,0
2024-07-31T09:03:44.724029Z,372,335,0,0
2024-07-31T09:03:45.764357Z,393,336,0,0
2024-07-31T09:03:46.819393Z,118,337,0,0
2024-07-31T09:03:47.876989Z,601,338,0,0
2024-07-31T09:03:48.923447Z,63,339,0,0
2024-07-31T09:03:49.972627Z,82,340,0,0
2024-07-31T09:03:51.028717Z,96,341,0,0
2024-07-31T09:03:52.078700Z,586,342,0,0
2024-07-31T09:03:53.132976Z,90,343,0,0
2024-07-31T09:03:54.184441Z,663,344,0,0
2024-07-31T09:03:55.237092Z,594,345,0,0
2024-07-31T09:03:56.285198Z,75,346,0,0
2024-07-31T09:03:57.330621Z,74,347,0,0
2024-07-31T09:03:58.375292Z,462,348,0,0
2024-07-31T09:03:59.416386Z,400,349,0,0
2024-07-31T09:04:00.463643Z,338,350,0,0
2024-07-31T09:04:01.510518Z,388,351,0,0
2024-07-31T09:04:02.554403Z,77,352,0,0
2024-07-31T09:04:03.605103Z,77,353,0,0
2024-07-31T09:04:04.652121Z,62,354,0,0
2024-07-31T09:04:05.697827Z,383,355,0,0
2024-07-31T09:04:06.750846Z,762,356,0,0
2024-07-31T09:04:07.805229Z,110,357,0,0
2024-07-31T09:04:08.847500Z,376,358,0,0
2024-07-31T09:04:09.896009Z,56,359,0,0
2024-07-31T09:04:10.948035Z,102,360,0,0
2024-07-31T09:04:11.994401Z,63,361,0,0
2024-07-31T09:04:13.043478Z,103,362,0,0
2024-07-31T09:04:14.101094Z,611,363,0,0
2024-07-31T09:04:15.143886Z,371,364,0,0
2024-07-31T09:04:16.190707Z,71,365,0,0
2024-07-31T09:04:17.242824Z,97,366,0,0
2024-07-31T09:04:18.296433Z,110,367,0,0
2024-07-31T09:04:19.343525Z,358,368,0,0
2024-07-31T09:04:20.397472Z,601,369,0,0
2024-07-31T09:04:21.452604Z,629,370,0,0
2024-07-31T09:04:22.506846Z,95,371,0,0
2024-07-31T09:04:23.558443Z,129,372,0,0
2024-07-31T09:04:24.605015Z,69,373,0,0
2024-07-31T09:04:25.658070Z,95,374,0,0
2024-07-31T09:04:26.706881Z,661,375,0,0
2024-07-31T09:04:27.751449Z,70,376,0,0
2024-07-31T09:04:28.800292Z,116,377,0,0
2024-07-31T09:04:29.852935Z,599,378,0,0
2024-07-31T09:04:30.904923Z,528,379,0,0
2024-07-31T09:04:31.950272Z,69,380,0,0
2024-07-31T09:04:33.003989Z,731,381,0,0
2024-07-31T09:04:34.054935Z,536,382,0,0
2024-07-31T09:04:35.102176Z,752,383,0,0
2024-07-31T09:04:36.150606Z,84,384,0,0
2024-07-31T09:04:37.198414Z,745,385,0,0
2024-07-31T09:04:38.252702Z,644,386,0,0
2024-07-31T09:04:39.298445Z,450,387,0,0
2024-07-31T09:04:40.350610Z,130,388,0,0
2024-07-31T09:04:41.406680Z,121,389,0,0
2024-07-31T09:04:42.449776Z,80,390,0,0
2024-07-31T09:04:43.496511Z,106,391,0,0
2024-07-31T09:04:44.552463Z,96,392,0,0
2024-07-31T09:04:45.605524Z,120,393,0,0
2024-07-31T09:04:46.650714Z,373,394,0,0
2024-07-31T09:04:47.705472Z,588,395,0,0
2024-07-31T09:04:48.760890Z,114,396,0,0
2024-07-31T09:04:49.810279Z,86,397,0,0
2024-07-31T09:04:50.865552Z,132,398,0,0
2024-07-31T09:04:51.919083Z,114,399,0,0
2024-07-31T09:04:52.971649Z,718,400,0,0
2024-07-31T09:04:54.016841Z,410,401,0,0
2024-07-31T09:04:55.056554Z,72,402,0,0
2024-07-31T09:04:56.113796Z,104,403,0,0
2024-07-31T09:04:57.167332Z,535,404,0,0
2024-07-31T09:04:58.213644Z,374,405,0,0
2024-07-31T09:04:59.259475Z,404,406,0,0
2024-07-31T09:05:00.309356Z,116,407,0,0
2024-07-31T09:05:01.359026Z,84,408,0,0
2024-07-31T09:05:02.401794Z,77,409,0,0
2024-07-31T09:05:03.454121Z,613,410,0,0
2024-07-31T09:05:04.504183Z,120,411,0,0
2024-07-31T09:05:05.549503Z,431,412,0,0
2024-07-31T09:05:06.601175Z,625,413,0,0
2024-07-31T09:05:07.654370Z,95,414,0,0
2024-07-31T09:05:08.706891Z,151,415,0,0
2024-07-31T09:05:09.757393Z,71,416,0,0
2024-07-31T09:05:10.813365Z,1629,417,0,0
2024-07-31T09:05:11.866530Z,123,418,0,0
2024-07-31T09:05:12.913740Z,398,419,0,0
2024-07-31T09:05:13.961481Z,462,420,0,0
2024-07-31T09:05:15.016397Z,675,421,0,0
2024-07-31T09:05:16.062388Z,533,422,0,0
2024-07-31T09:05:17.110737Z,374,423,0,0
2024-07-31T09:05:18.167443Z,611,424,0,0
2024-07-31T09:05:19.221583Z,715,425,0,0
2024-07-31T09:05:20.269407Z,91,426,0,0
2024-07-31T09:05:21.314839Z,415,427,0,0
2024-07-31T09:05:22.364443Z,101,428,0,0
2024-07-31T09:05:23.418103Z,99,429,0,0
2024-07-31T09:05:24.464415Z,69,430,0,0
2024-07-31T09:05:25.512010Z,677,431,0,0
2024-07-31T09:05:26.563873Z,123,432,0,0
2024-07-31T09:05:27.608670Z,68,433,0,0
2024-07-31T09:05:28.648058Z,71,434,0,0
2024-07-31T09:05:29.702468Z,136,435,0,0
2024-07-31T09:05:30.755261Z,732,436,0,0
2024-07-31T09:05:31.802354Z,72,437,0,0
2024-07-31T09:05:32.844121Z,71,438,0,0
2024-07-31T09:05:33.895110Z,99,439,0,0
2024-07-31T09:05:34.944190Z,619,440,0,0
2024-07-31T09:05:35.990367Z,290,441,0,0
2024-07-31T09:05:37.041606Z,602,442,0,0
2024-07-31T09:05:38.097049Z,93,443,0,0
2024-07-31T09:05:39.141395Z,77,444,0,0
2024-07-31T09:05:40.191326Z,104,445,0,0
2024-07-31T09:05:41.241052Z,705,446,0,0
2024-07-31T09:05:42.290807Z,640,447,0,0
2024-07-31T09:05:43.336312Z,375,448,0,0
2024-07-31T09:05:44.392088Z,619,449,0,0
2024-07-31T09:05:45.441473Z,71,450,0,0
2024-07-31T09:05:46.483303Z,376,451,0,0
2024-07-31T09:05:47.527711Z,419,452,0,0
2024-07-31T09:05:48.581654Z,559,453,0,0
2024-07-31T09:05:49.628384Z,82,454,0,0
2024-07-31T09:05:50.672971Z,63,455,0,0
2024-07-31T09:05:51.727821Z,131,456,0,0
2024-07-31T09:05:52.779543Z,629,457,0,0
2024-07-31T09:05:53.833673Z,601,458,0,0
2024-07-31T09:05:54.879608Z,73,459,0,0
2024-07-31T09:05:55.927192Z,566,460,0,0
2024-07-31T09:05:56.975555Z,744,461,0,0
2024-07-31T09:05:58.032850Z,123,462,0,0
2024-07-31T09:05:59.075920Z,60,463,0,0
2024-07-31T09:06:00.131088Z,640,464,0,0
2024-07-31T09:06:01.182985Z,730,465,0,0
2024-07-31T09:06:02.229936Z,373,466,0,0
2024-07-31T09:06:03.268799Z,66,467,0,0
2024-07-31T09:06:04.308620Z,173,467,0,0
2024-07-31T09:06:05.352143Z,171,467,0,0
2024-07-31T09:06:06.385031Z,342,467,0,0
2024-07-31T09:06:07.421240Z,146,467,0,0
2024-07-31T09:06:08.467503Z,570,467,0,0
2024-07-31T09:06:09.498799Z,80,467,0,0
2024-07-31T09:06:10.532907Z,404,467,0,0
2024-07-31T09:06:11.577145Z,129,467,0,0
2024-07-31T09:06:12.617632Z,433,467,0,0
2024-07-31T09:06:13.653722Z,631,467,0,0
2024-07-31T09:06:14.700501Z,137,467,0,0
2024-07-31T09:06:15.745920Z,1985,467,0,0
2024-07-31T09:06:16.779941Z,449,467,0,0
2024-07-31T09:06:17.825552Z,531,467,0,0
2024-07-31T09:06:18.868375Z,551,467,0,0
2024-07-31T09:06:19.901603Z,76,467,0,0
2024-07-31T09:06:20.934203Z,69,467,0,0
2024-07-31T09:06:21.971110Z,99,467,0,0
2024-07-31T09:06:23.015054Z,95,467,0,0
2024-07-31T09:06:24.049770Z,383,467,0,0
2024-07-31T09:06:25.082146Z,80,467,0,0
2024-07-31T09:06:26.123078Z,604,467,0,0
2024-07-31T09:06:27.168868Z,1999,467,0,0
2024-07-31T09:06:28.203902Z,439,467,0,0
2024-07-31T09:06:29.245960Z,107,467,0,0
2024-07-31T09:06:30.286457Z,113,467,0,0
2024-07-31T09:06:31.322364Z,75,467,0,0
2024-07-31T09:06:32.364069Z,594,467,0,0
2024-07-31T09:06:33.407742Z,110,467,0,0
2024-07-31T09:06:34.440551Z,405,467,0,0
2024-07-31T09:06:35.482153Z,597,467,0,0
2024-07-31T09:06:36.524407Z,94,467,0,0
2024-07-31T09:06:37.555876Z,401,467,0,0
2024-07-31T09:06:38.597784Z,559,467,0,0
2024-07-31T09:06:39.645323Z,499,467,0,0
2024-07-31T09:06:40.687169Z,98,467,0,0
2024-07-31T09:06:41.720911Z,352,467,0,0
2024-07-31T09:06:42.762509Z,101,467,0,0
2024-07-31T09:06:43.809421Z,129,467,0,0
2024-07-31T09:06:44.847723Z,115,467,0,0
2024-07-31T09:06:45.878970Z,440,467,0,0
2024-07-31T09:06:46.918675Z,629,467,0,0
2024-07-31T09:06:47.962192Z,542,467,0,0
2024-07-31T09:06:48.995951Z,394,467,0,0
2024-07-31T09:06:50.039511Z,558,467,0,0
2024-07-31T09:06:51.086687Z,3216,467,0,0
2024-07-31T09:06:52.131507Z,81,467,0,0
2024-07-31T09:06:53.164589Z,385,467,0,0
2024-07-31T09:06:54.204644Z,463,467,0,0
2024-07-31T09:06:55.236677Z,73,467,0,0
2024-07-31T09:06:56.268014Z,439,467,0,0
2024-07-31T09:06:57.308840Z,523,467,0,0
2024-07-31T09:06:58.351527Z,117,467,0,0
2024-07-31T09:06:59.387787Z,67,467,0,0
